{"little": [102752, 42802.247552], "ring": [58877, 43172.526272], "middle": [177081, 47216.009024], "index": [-15055, -39015.705664], "thumbx": [13075, 58500.265856], "thumby": [216370, 6068.490944000005]}
